{
	"UI":{
		"hint":"对准DuMix\n温馨提醒：注意调整距离，请扫描全图",
		"not_found_tip":"未找到扫描物，请重新对准",
		"too_far_hint":"距离太远,请将镜头靠近目标",
		"too_near_hint":"距离太近,请将镜头远离目标",
		"far_threshold":"1400",
		"near_threshold":"700",
		"help_url":"测试helpUrl",
        "image_target_path":"image_target.png"
	},
	"targets":[
		{
	    	"id":"787432",
	    	"name":"theMonsterNian",
	        "model_path":"models/model",
	        "template_width":480,
	        "template_height":480,
	        "target_width":480,
	        "target_height":480,
	        "centre_pos":"240,240,0"
		}
	],
	"slam_model":{
        "id":"bear",
        "place_type":0,
        "position":"0.25,0.5",
        "distance":800,
        "pitch_angle":-30

    }
}
