{"type":"plane","res_id":"","components":[{"c_type":"base","properties":{"name":"","visible":"1","touchable":"1","batchNum":"0"}},{"c_type":"layoutMode","properties":{"mode":"transform","position":"0,0,0","rotation":"90,0,0","scale":"100,100,100","depthPosition":"20000","marginLeft":"0.5","marginTop":"0.5","screenWidthRatio":"0.2","screenHeightRatio":"0.2","keepAspectRatio":"1"}},{"c_type":"2dMaterial","properties":{"textureName":"Light_04.png","transparentObject":"1"}},{"c_type":"hotZone","properties":{"active":"0","touchZone":"120","minScale":"100","maxScale":"200"}}],"children":[]}