{
  "showImmediately": 1,
  "showOffscreenGuidance": 1,
  "imuRelayCtrlWhenTrackLost": 1,
  "userInteraction": {
    "disableAll": 0,
    "disablePinch": 0,
    "disableClick": 0,
    "disableScroll": 0,
    "disbleLongPress": 0,
    "disableSingleFingerScroll": 0,
    "disableTwoFingerScroll": 0,
    "disableDoubleClick": 0,
    "disableAccompany": 0,
    "enableTouchZone":0
  },
  "nodeList": [
    {
      "name": "mainCamera",
      "type": "camera",
      "visiable": "1",
      "position": "0,0,0",
      "scale": "1,1,1",
      "rotation": "0,0,0",
      "children": [],
      "cameraNodeSuppl": {
        "fov": 56,
        "zNear": 50,
        "zFar": 10000
      }
    },
    {
      "name": "arrow_guide",
      "type": "plane",
      "visible": 0,
      "touchable": 0,
      "material": {
        "common": {
          "defaultShaderName": "planeShader",
          "textureList": [
            {
              "textureName": "res/texture/slamTip/arrow_guide.png"
            }
          ]
        }
      },
      "hudDisplay": {
        "marginLeft": 0.5,
        "marginTop": 0.5,
        "depthPosition": 10,
        "screenRatio": {
          "screenWidthRatio": 0.49,
          "screenHeightRatio": 0.07
        }
      },
      "transparentObject": 1,
      "rotation": "90,0,0",
      "children": []
    },
    {
      "name": "guide_up",
      "type": "plane",
      "visible": 0,
      "touchable": 0,
      "material": {
        "common": {
          "defaultShaderName": "planeShader",
          "textureList": [
            {
              "textureName": "res/texture/slamTip/guide_up.png"
            }
          ]
        }
      },
      "hudDisplay": {
        "marginLeft": 0.5,
        "marginTop": 0.5,
        "depthPosition": 10,
        "screenRatio": {
          "screenWidthRatio": 0.49,
          "screenHeightRatio": 0.07
        }
      },
      "transparentObject": 1,
      "rotation": "90,0,0",
      "children": []
    },
    {
      "name": "guide_down",
      "type": "plane",
      "visible": 0,
      "touchable": 0,
      "material": {
        "common": {
          "defaultShaderName": "planeShader",
          "textureList": [
            {
              "textureName": "res/texture/slamTip/guide_down.png"
            }
          ]
        }
      },
      "hudDisplay": {
        "marginLeft": 0.5,
        "marginTop": 0.5,
        "depthPosition": 10,
        "screenRatio": {
          "screenWidthRatio": 0.49,
          "screenHeightRatio": 0.07
        }
      },
      "transparentObject": 1,
      "rotation": "90,0,0",
      "children": []
    },
    {
            "name": "reset",
            "type": "framePicture",
            "visible": 0,
            "touchable": 1,
            "record": 0,
            "framePictureSuppl": {
                "picturePath": "res/media/icon4",
                "pictureName": "",
                "pictureFmtExtend": ".png",
                "startNumber": 1,
                "endNumber": 109,
                "frameInterval": 1,
                "bufferVolume": 5
            },
            "material": {
                "common": {
                    "defaultShaderName":"frameShader",
                    "textureList": [
                        {
                            "texturePath": "res/media/icon4/1.png"
                        }
                    ]
                }
            },
           "hudDisplay": {
                "marginLeft": 0.5,
                "marginTop": 0.5,
                "screenRatio": {
                    "screenWidthRatio": 0.21,
                    "screenHeightRatio": 0.118
                }
            },
            "transparentObject":0,
            "rotation": "90,0,0",
            "children": []
    },
    {
                "name": "guide_video_video_dian",
                "type": "video",
                "visible": 1,
                "touchable": 0,
               "record": 0,
                "material": {
                    "common": {
                        "textureType": "video",
                        "uvUnwrapedTextureName": "res/media/video/video_dian.mp4"
                     },
                    "android": {
                        "defaultShaderName": "androidVideoShader",
                        "textureType": "video",
                        "uvUnwrapedTextureName": "res/media/video/video_dian.mp4"
                    }
                },
                "hudDisplay": {
                    "marginLeft": 0.5,
                    "marginTop": 0.5,
                    "screenRatio": {
                        "screenWidthRatio": 0.532,
                        "screenHeightRatio": 0.18
                    }
                },
                "transparentObject": 1,
                "position":"0,0,0",
                "scale":"100,100,100",
                "rotation": "90,-90,0",
                "children": []
            },
        {
                "name": "guide_video_onefinger_scroll",
                "type": "video",
                "visible": 1,
                "touchable": 0,
               "record": 0,
                "material": {
                    "common": {
                        "textureType": "video",
                        "uvUnwrapedTextureName": "res/media/video/video_onefinger_scroll.mp4"
                     },
                    "android": {
                        "defaultShaderName": "androidVideoShader",
                        "textureType": "video",
                        "uvUnwrapedTextureName": "res/media/video/video_onefinger_scroll.mp4"
                    }
                },
                "hudDisplay": {
                    "marginLeft": 0.5,
                    "marginTop": 0.5,
                    "screenRatio": {
                        "screenWidthRatio": 0.532,
                        "screenHeightRatio": 0.18
                    }
                },
                "transparentObject": 1,
                "position":"0,0,0",
                "scale":"100,100,100",
                "rotation": "90,-90,0",
                "children": []
            },
            {
                    "name": "guide_video_single_click",
                    "type": "video",
                    "visible": 1,
                    "touchable": 0,
                    "record": 0,
                    "material": {
                        "common": {
                            "textureType": "video",
                            "uvUnwrapedTextureName": "res/media/video/video_single_click.mp4"
                         },
                        "android": {
                            "defaultShaderName": "androidVideoShader",
                            "textureType": "video",
                            "uvUnwrapedTextureName": "res/media/video/video_single_click.mp4"
                        }
                    },
                    "hudDisplay": {
                        "marginLeft": 0.5,
                        "marginTop": 0.5,
                        "screenRatio": {
                            "screenWidthRatio": 0.532,
                            "screenHeightRatio": 0.18
                        }
                    },
                    "transparentObject": 1,
                    "position":"0,0,0",
                    "scale":"100,100,100",
                    "rotation": "90,-90,0",
                    "children": []
                },
                {
                        "name": "guide_video_twofinger_scroll",
                        "type": "video",
                        "visible": 1,
                        "touchable": 0,
                        "record": 0,
                        "material": {
                            "common": {
                                "textureType": "video",
                                "uvUnwrapedTextureName": "res/media/video/video_twofinger_scroll.mp4"
                             },
                            "android": {
                                "defaultShaderName": "androidVideoShader",
                                "textureType": "video",
                                "uvUnwrapedTextureName": "res/media/video/video_twofinger_scroll.mp4"
                            }
                        },
                        "hudDisplay": {
                            "marginLeft": 0.5,
                            "marginTop": 0.5,
                            "screenRatio": {
                                "screenWidthRatio": 0.532,
                                "screenHeightRatio": 0.18
                            }
                        },
                        "transparentObject": 1,
                        "position":"0,0,0",
                        "scale":"100,100,100",
                        "rotation": "90,-90,0",
                        "children": []
                    },
                    {
                            "name": "guide_video_twofinger_scaling",
                            "type": "video",
                            "visible": 1,
                            "touchable": 0,
                            "record": 0,
                            "material": {
                                "common": {
                                    "textureType": "video",
                                    "uvUnwrapedTextureName": "res/media/video/video_twofinger_scaling.mp4"
                                 },
                                "android": {
                                    "defaultShaderName": "androidVideoShader",
                                    "textureType": "video",
                                    "uvUnwrapedTextureName": "res/media/video/video_twofinger_scaling.mp4"
                                }
                            },
                            "hudDisplay": {
                                "marginLeft": 0.5,
                                "marginTop": 0.5,
                                "screenRatio": {
                                    "screenWidthRatio": 0.532,
                                    "screenHeightRatio": 0.18
                                }
                            },
                            "transparentObject": 1,
                            "position":"0,0,0",
                            "scale":"100,100,100",
                            "rotation": "90,-90,0",
                            "children": []
                        },
        {
          "name": "info_card",
          "type": "plane",
          "visible": 1,
          "touchable": 1,
          "record": 0,
          "scale": "100,100,100",
          "position": "0,0,0",
          "rotation": "90,-90,0",
          "transparentObject": 1,
          "material": {
            "common": {
              "defaultShaderName": "planeShader",
              "textureList": [{
                "textureName": "res/texture/card.png"
              }]
            }
          },
          "hudDisplay": {
            "marginLeft": 0.6,
            "marginTop": 0.18,
            "depthPosition": 20000,
            "screenRatio": {
              "keepAspectRatio":1,
              "screenWidthRatio": 0.45
            }
          },
          "children": []
  },


        {
            "name": "model",
            "type": "gltf",
            "visible": 1,
            "touchable": 1,
            "transparent": 1,
            "meshFileName": "res\/model\/10000997\/iQYi.gltf",
            "transparentObject": 0,
            "material": {
                "common": {
                    "offsetRepeat": "0,0,1,1"
                }
            },
                "animationList":[
                                    {
                                    "animationName":"init",
                                    "startFrame":1,
                                    "endFrame":50
                                    },
                                  {
                                    "animationName":"hd",
                                    "startFrame":50,
                                    "endFrame":125
                                    }],
            "position": "0,0,0",
            "rotation": "90,-60,0",
            "scale": "2500,2500,2500",
            "minScale":1000,
            "maxScale":9000,
            "touchZone":2400,
            "children": [],
            "podSuppl": {
                "allSubnodeTouchable": 1
            },
            "children": [],
            "resId": "10009199",
            "batchNum": 0
        },

    {
      "name": "lineGroup1",
      "type": "group",
      "visible": 1,
      "touchable": 0,
      "transparentObject": 1,
      "position": "0,0,0",
      "rotation": "0,0,0",
      "scale": "1,1,1",
      "minScale":1000,
      "maxScale":9000,
      "children": []
        },
        {
          "name": "lineGroup2",
           "type": "group",
           "visible": 1,
           "touchable": 0,
           "transparentObject": 1,
           "position": "0,0,0",
           "rotation": "0,0,0",
           "scale": "1,1,1",
           "minScale":1000,
           "maxScale":9000,
           "children": []
        },
        {
          "name": "lineGroup3",
          "type": "group",
          "visible": 1,
          "touchable": 0,
          "transparentObject": 1,
          "position": "0,0,0",
          "rotation": "0,0,0",
          "scale": "1,1,1",
          "minScale":1000,
          "maxScale":9000,
          "children": []
        },
        {
            "name": "huashifaxiandi",
            "resId": "10005962",
            "type": "plane",
            "visible": 0,
            "touchable": 1,
            "scale": "120,32.4,32.4",
            "position": "105,-72,135",
            "rotation": "180,0,180",
            "billboard": 2,
            "transparentObject": 0,
            "material": {
                "common": {
                    "defaultShaderName": "planeShader",
                    "textureList": [
                        {
                            "textureName": "res\/plane\/10005962\/huashifaxiandi.png"
                        }
                    ]
                }
            },
            "children": [],
            "batchNum": 0
        },
        {
            "name": "huashifaxiandi_click",
            "resId": "10005962",
            "type": "plane",
            "visible": 0,
            "touchable": 1,
            "scale": "124.4,32.4,32.4",
            "position": "105,-72,135",
            "rotation": "180,0,180",
            "billboard": 2,
            "transparentObject": 0,
            "material": {
                "common": {
                    "defaultShaderName": "planeShader",
                    "textureList": [
                        {
                            "textureName": "res\/plane\/10005962\/huashifaxiandi_click.png"
                        }
                    ]
                }
            },
            "children": [],
            "batchNum": 0
        },
        {
            "name": "huashifaxiandi_En",
            "resId": "10005962",
            "type": "plane",
            "visible": 0,
            "touchable": 1,
            "scale": "132.5,32.4,32.4",
            "position": "105,-72,135",
            "rotation": "180,0,180",
            "billboard": 2,
            "transparentObject": 0,
            "material": {
                "common": {
                    "defaultShaderName": "planeShader",
                    "textureList": [
                        {
                            "textureName": "res\/plane\/10005962\/huashifaxiandi_En.png"
                        }
                    ]
                }
            },
            "children": [],
            "batchNum": 0
        },
        {
            "name": "huashifaxiandi_click_En",
            "resId": "10005962",
            "type": "plane",
            "visible": 0,
            "touchable": 1,
            "scale": "263,32.4,32.4",
            "position": "105,-72,135",
            "rotation": "180,0,180",
            "billboard": 2,
            "transparentObject": 0,
            "material": {
                "common": {
                    "defaultShaderName": "planeShader",
                    "textureList": [
                        {
                            "textureName": "res\/plane\/10005962\/huashifaxiandi_click_En.png"
                        }
                    ]
                }
            },
            "children": [],
            "batchNum": 0
        },
        {
            "name": "shengcunniandai",
            "resId": "10005961",
            "type": "plane",
            "visible": 0,
            "touchable": 1,
            "scale": "105.5,32.4,32.4",
            "position": "57,0,285",
            "rotation": "180,0,180",
            "billboard": 2,
            "transparentObject": 0,
            "material": {
                "common": {
                    "defaultShaderName": "planeShader",
                    "textureList": [
                        {
                            "textureName": "res\/plane\/10005961\/shengcunniandai.png"
                        }
                    ]
                }
            },
            "children": [],
            "batchNum": 0
        },
        {
            "name": "shengcunniandai_click",
            "resId": "10005961",
            "type": "plane",
            "visible": 0,
            "touchable": 1,
            "scale": "90.2,32.4,32.4",
            "position": "57,0,285",
            "rotation": "180,0,180",
            "billboard": 2,
            "transparentObject": 0,
            "material": {
                "common": {
                    "defaultShaderName": "planeShader",
                    "textureList": [
                        {
                            "textureName": "res\/plane\/10005961\/shengcunniandai_click.png"
                        }
                    ]
                }
            },
            "children": [],
            "batchNum": 0
        },
        {
            "name": "shengcunniandai_En",
            "resId": "10005961",
            "type": "plane",
            "visible": 0,
            "touchable": 1,
            "scale": "74.4,32.4,32.4",
            "position": "57,0,285",
            "rotation": "180,0,180",
            "billboard": 2,
            "transparentObject": 0,
            "material": {
                "common": {
                    "defaultShaderName": "planeShader",
                    "textureList": [
                        {
                            "textureName": "res\/plane\/10005961\/shengcunniandai_En.png"
                        }
                    ]
                }
            },
            "children": [],
            "batchNum": 0
        },
        {
            "name": "shengcunniandai_click_En",
            "resId": "10005961",
            "type": "plane",
            "visible": 0,
            "touchable": 1,
            "scale": "176.9,32.4,32.4",
            "position": "57,0,285",
            "rotation": "180,0,180",
            "billboard": 2,
            "transparentObject": 0,
            "material": {
                "common": {
                    "defaultShaderName": "planeShader",
                    "textureList": [
                        {
                            "textureName": "res\/plane\/10005961\/shengcunniandai_click_En.png"
                        }
                    ]
                }
            },
            "children": [],
            "batchNum": 0
        },
        {
            "name": "shixing",
            "resId": "10005960",
            "type": "plane",
            "visible": 0,
            "touchable": 1,
            "scale": "71.4,32.4,32.4",
            "position": "-295,-210,252",
            "rotation": "180,0,180",
            "billboard": 2,
            "transparentObject": 0,
            "material": {
                "common": {
                    "defaultShaderName": "planeShader",
                    "textureList": [
                        {
                            "textureName": "res\/plane\/10005960\/shixing.png"
                        }
                    ]
                }
            },
            "children": [],
            "batchNum": 0
        },
        {
            "name": "shixing_click",
            "resId": "10005960",
            "type": "plane",
            "visible": 0,
            "touchable": 1,
            "scale": "90.2,32.4,32.4",
            "position": "-295,-210,252",
            "rotation": "180,0,180",
            "billboard": 2,
            "transparentObject": 0,
            "material": {
                "common": {
                    "defaultShaderName": "planeShader",
                    "textureList": [
                        {
                            "textureName": "res\/plane\/10005960\/shixing_click.png"
                        }
                    ]
                }
            },
            "children": [],
            "batchNum": 0
        },
        {
            "name": "shixing_En",
            "resId": "10005960",
            "type": "plane",
            "visible": 0,
            "touchable": 1,
            "scale": "71.4,32.4,32.4",
            "position": "-295,-210,252",
            "rotation": "180,0,180",
            "billboard": 2,
            "transparentObject": 0,
            "material": {
                "common": {
                    "defaultShaderName": "planeShader",
                    "textureList": [
                        {
                            "textureName": "res\/plane\/10005960\/shixing_En.png"
                        }
                    ]
                }
            },
            "children": [],
            "batchNum": 0
        },
        {
            "name": "shixing_click_En",
            "resId": "10005960",
            "type": "plane",
            "visible": 0,
            "touchable": 1,
            "scale": "135.5,32.4,32.4",
            "position": "-295,-210,252",
            "rotation": "180,0,180",
            "billboard": 2,
            "transparentObject": 0,
            "material": {
                "common": {
                    "defaultShaderName": "planeShader",
                    "textureList": [
                        {
                            "textureName": "res\/plane\/10005960\/shixing_click_En.png"
                        }
                    ]
                }
            },
            "children": [],
            "batchNum": 0
        }


  ]
}
